category,id,name_zh,filename,size
monster,M01,啃筏者,M01_raft_biter.png,1443x1086
monster,M02,胶膜水母,M02_gel_jellyfish.png,1448x1086
monster,M03,绝壳蟹,M03_armored_crab.png,1448x1057
material_icon,T01,热源,T01_heat.png,396x502
material_icon,T02,水源,T02_water.png,419x460
material_icon,T03,有机,T03_organic.png,430x487
material_icon,T04,能量,T04_energy.png,462x510
material_icon,T05,材料,T05_material.png,482x485
material_icon,T06,深海,T06_deep_sea.png,460x539
status_icon,S01,浸湿,S01_wet.png,461x638
status_icon,S02,束缚,S02_bound.png,499x714
status_icon,S03,燃烧,S03_burning.png,479x607
status_icon,S04,材料弱点,S04_material_weakness.png,492x592
card_template,K01,原料,K01_material_card.png,397x739
card_template,K02,消耗品,K02_consumable_card.png,396x727
card_template,K03,工具,K03_tool_card.png,397x742
card_template,K04,设备,K04_equipment_card.png,396x778
card_template,K05,航行工具,K05_navigation_card.png,378x730
